Title,Summary,Publication Date,Source,URL
Israeli airstrike on Gaza school,No summary available,2024-09-12 12:33:16,CNN,https://www.cnn.com/
Typhoon Yagi,No summary available,2024-09-12 12:33:16,CNN,https://www.cnn.com/
Cruise ship’s ‘Titanic moment’,No summary available,2024-09-12 12:33:16,CNN,https://www.cnn.com/
City’s warning for British tourists,No summary available,2024-09-12 12:33:16,CNN,https://www.cnn.com/
7 critical nutrients,No summary available,2024-09-12 12:33:16,CNN,https://www.cnn.com/
Video Music Awards 2024,No summary available,2024-09-12 12:33:16,CNN,https://www.cnn.com/
On board a medical train ferrying Ukraine’s frontline wounded soldiers to hospitals around the country,No summary available,2024-09-12 12:33:16,CNN,https://www.cnn.com/
Russian ship suspected of delivering Iranian ballistic missiles seen at Caspian Sea port,No summary available,2024-09-12 12:33:16,CNN,https://www.cnn.com/
"From convict to combatant, Ukraine enlists prisoners to fight Russian forces",No summary available,2024-09-12 12:33:16,CNN,https://www.cnn.com/
‘Incredibly alarming’: What Trump’s answer about Ukraine tells ex-Pence adviser,No summary available,2024-09-12 12:33:16,CNN,https://www.cnn.com/
"A photographer traveled 10,000 miles through Ukraine. This is what he saw",No summary available,2024-09-12 12:33:16,CNN,https://www.cnn.com/
Trump allies do damage control as Harris rides fresh momentum post debate,No summary available,2024-09-12 12:33:16,CNN,https://www.cnn.com/
How Taylor Swift’s endorsement of Harris matters,No summary available,2024-09-12 12:33:16,CNN,https://www.cnn.com/
Haberman: Debate was arguably ’Trump’s worst’,No summary available,2024-09-12 12:33:16,CNN,https://www.cnn.com/
South Korean soccer player says Chinese authorities forced him to confess to match-fixing,No summary available,2024-09-12 12:33:16,CNN,https://www.cnn.com/
The best red carpet looks from MTV’s Video Music Awards 2024,No summary available,2024-09-12 12:33:16,CNN,https://www.cnn.com/
Catch up on today’s global news,No summary available,2024-09-12 12:33:16,CNN,https://www.cnn.com/
A CEO went missing. Then his bank got a mysterious bill for $11 million,No summary available,2024-09-12 12:33:16,CNN,https://www.cnn.com/
SpaceX’s Polaris Dawn crew to attempt first commercial spacewalk,No summary available,2024-09-12 12:33:16,CNN,https://www.cnn.com/
Typhoon Yagi continues to devastate Vietnam leaving around 200 dead,No summary available,2024-09-12 12:33:16,CNN,https://www.cnn.com/
"Israeli airstrike on Gaza school sheltering displaced people kills at least 18, including UN staff, officials say",No summary available,2024-09-12 12:33:16,CNN,https://www.cnn.com/
Biden condemns death of American woman killed by IDF in the West Bank,No summary available,2024-09-12 12:33:16,CNN,https://www.cnn.com/
IDF releases video of Gaza tunnel where it says hostages were killed,No summary available,2024-09-12 12:33:16,CNN,https://www.cnn.com/
Trump’s social media stock plunges to record low,No summary available,2024-09-12 12:33:16,CNN,https://www.cnn.com/
Peru’s ex-leader Alberto Fujimori dies,No summary available,2024-09-12 12:33:16,CNN,https://www.cnn.com/
Police say Bon Jovi saved a woman they say tried to jump from a bridge,No summary available,2024-09-12 12:33:16,CNN,https://www.cnn.com/
Billions aren’t eating enough of 7 critical nutrients,No summary available,2024-09-12 12:33:16,CNN,https://www.cnn.com/
‘Titanic moment’ as cruise ship collides with large piece of ice,No summary available,2024-09-12 12:33:16,CNN,https://www.cnn.com/
"Sony unveils faster, more powerful PlayStation 5 Pro. And it comes with a price tag to match",No summary available,2024-09-12 12:33:16,CNN,https://www.cnn.com/
Mother of Georgia shooter apologizes to victims’ families in open letter,No summary available,2024-09-12 12:33:16,CNN,https://www.cnn.com/
Police rescue 402 children after sex abuse allegations at Islamic welfare homes in Malaysia,No summary available,2024-09-12 12:33:16,CNN,https://www.cnn.com/
A park visitor dropping a bag of Cheetos into a cave wreaked havoc on its ecosystem,No summary available,2024-09-12 12:33:16,CNN,https://www.cnn.com/
The long and complex political legacy of 9/11,No summary available,2024-09-12 12:33:16,CNN,https://www.cnn.com/
British tourists urged to keep their clothes on in Spanish city,No summary available,2024-09-12 12:33:16,CNN,https://www.cnn.com/
New sculpture of late Queen Elizabeth II and Prince Philip raises eyebrows,No summary available,2024-09-12 12:33:16,CNN,https://www.cnn.com/
A hotel is offering ‘self-love pods’ for solo play. Here’s why that’s a thing,No summary available,2024-09-12 12:33:16,CNN,https://www.cnn.com/
Top moments from the 40th MTV Video Music Awards,No summary available,2024-09-12 12:33:16,CNN,https://www.cnn.com/
Hockey player banned after trying to buy cocaine at Olympics,No summary available,2024-09-12 12:33:16,CNN,https://www.cnn.com/
Timelapse shows wildfire engulf mountain,No summary available,2024-09-12 12:33:16,CNN,https://www.cnn.com/
European travelers will have to pay to enter the UK in 2025,No summary available,2024-09-12 12:33:16,CNN,https://www.cnn.com/
Snakes and crocodiles swept into neighborhoods as floods hit zoo,No summary available,2024-09-12 12:33:16,CNN,https://www.cnn.com/
What spending too much time on your phone can do to your kids,No summary available,2024-09-12 12:33:16,CNN,https://www.cnn.com/
Video shows bridge collapse as typhoon sweeps through Vietnam,No summary available,2024-09-12 12:33:16,CNN,https://www.cnn.com/
"Jon Bon Jovi helped persuade a woman to come off the ledge of a bridge, police say",No summary available,2024-09-12 12:33:16,CNN,https://www.cnn.com/
China is trying to make it easier for foreign tourists to visit. Here’s how that’s going,No summary available,2024-09-12 12:33:16,CNN,https://www.cnn.com/
Drought-hit Danube River reveals scuttled German World War II ships,No summary available,2024-09-12 12:33:16,CNN,https://www.cnn.com/
Giant bubbles on the surface of a star provide glimpse into the sun’s future,No summary available,2024-09-12 12:33:16,CNN,https://www.cnn.com/
Tom Cruise’s payday for that Olympic stunt may surprise you,No summary available,2024-09-12 12:33:16,CNN,https://www.cnn.com/
This tech company thinks we’ll be wearing screens one day,No summary available,2024-09-12 12:33:16,CNN,https://www.cnn.com/
Brazil and Argentina both lose World Cup qualifying matches,No summary available,2024-09-12 12:33:16,CNN,https://www.cnn.com/
NFL star Patrick Mahomes won’t endorse Trump or Harris for US president,No summary available,2024-09-12 12:33:16,CNN,https://www.cnn.com/
Bright lights detected by NASA lead to a dancing pair of supermassive black holes,No summary available,2024-09-12 12:33:16,CNN,https://www.cnn.com/
Physics breakthrough brings nuclear clock closer to reality,No summary available,2024-09-12 12:33:16,CNN,https://www.cnn.com/
Yellow food dye found in chips and candy corn can make skin transparent in mice,No summary available,2024-09-12 12:33:16,CNN,https://www.cnn.com/
Rare fossils of giant flying reptile the size a small airplane reveal flight style,No summary available,2024-09-12 12:33:16,CNN,https://www.cnn.com/
"A pregnant shark was monitored for 5 months, then disappeared. Scientists now know its fate",No summary available,2024-09-12 12:33:16,CNN,https://www.cnn.com/
People are angry at Gen Z taking photos of airport trays. Here’s what’s really going on,No summary available,2024-09-12 12:33:16,CNN,https://www.cnn.com/
How a Soviet-era accident created one of Turkmenistan’s most popular attractions,No summary available,2024-09-12 12:33:16,CNN,https://www.cnn.com/
They were due to leave for their dream cruise in May. Three months on they’re still stuck at the departure port,No summary available,2024-09-12 12:33:16,CNN,https://www.cnn.com/
She met a man on a rooftop bar on her first night in Paris. Her life changed forever,No summary available,2024-09-12 12:33:16,CNN,https://www.cnn.com/
End of an era: The big change coming to European travel in November,No summary available,2024-09-12 12:33:16,CNN,https://www.cnn.com/
Wild comeback: Dow bounce erases 700-point one-day dip,No summary available,2024-09-12 12:33:16,CNN,https://www.cnn.com/
Harris and Trump kept talking about pumping more oil. There’s a problem with that,No summary available,2024-09-12 12:33:16,CNN,https://www.cnn.com/
BurgerFi files for Chapter 11 bankruptcy,No summary available,2024-09-12 12:33:16,CNN,https://www.cnn.com/
‘Founder mode’ is the latest Silicon Valley buzzword telling toxic bosses they’re great,No summary available,2024-09-12 12:33:16,CNN,https://www.cnn.com/
Starbucks’ new CEO wants to make Starbucks a coffee shop again,No summary available,2024-09-12 12:33:16,CNN,https://www.cnn.com/
"After 155 years, the Campbell Soup company is changing its name",No summary available,2024-09-12 12:33:16,CNN,https://www.cnn.com/
"Glenn Lowry, director of New York’s Museum of Modern Art, to step down after 30 years",No summary available,2024-09-12 12:33:16,CNN,https://www.cnn.com/
"Blake Lively recently wore a $19,000 pair. How much is too much to spend on jeans?",No summary available,2024-09-12 12:33:16,CNN,https://www.cnn.com/
Painting found in attic could be a Rembrandt,No summary available,2024-09-12 12:33:16,CNN,https://www.cnn.com/
"Long-lost copy of the US Constitution, found in North Carolina filing cabinet, heads to auction",No summary available,2024-09-12 12:33:16,CNN,https://www.cnn.com/
New York Fashion Week: Highlights from the Spring-Summer 2025 runways,No summary available,2024-09-12 12:33:16,CNN,https://www.cnn.com/
Brazil and Argentina both lose World Cup qualifying matches,No summary available,2024-09-12 12:33:16,CNN,https://www.cnn.com/
Four Olympic medals stolen from Australian rower’s car,No summary available,2024-09-12 12:33:16,CNN,https://www.cnn.com/
Dolphins QB became ‘emotional’ while watching body-cam video of Tyreek Hill being detained by police,No summary available,2024-09-12 12:33:16,CNN,https://www.cnn.com/
Mauricio Pochettino announced as new US Soccer men’s national team head coach,No summary available,2024-09-12 12:33:16,CNN,https://www.cnn.com/
CNN Flash Poll: Majority of debate watchers say Harris outperformed Trump onstage,No summary available,2024-09-12 12:33:16,CNN,https://www.cnn.com/
Harris and Trump shake hands at New York 9/11 remembrance ceremony on 23rd anniversary of attacks,No summary available,2024-09-12 12:33:16,CNN,https://www.cnn.com/
Senior Republicans urge Biden to lift restrictions on Ukraine hitting targets deep inside Russia,No summary available,2024-09-12 12:33:16,CNN,https://www.cnn.com/
"Melania Trump ramps up her campaign presence by raising questions about the attack on her husband, 2020 election results",No summary available,2024-09-12 12:33:16,CNN,https://www.cnn.com/
Preparing for the apocalypse: Here’s why collaboration is essential,No summary available,2024-09-12 12:33:16,CNN,https://www.cnn.com/
"Lead, arsenic and other heavy metals in tampons prompt FDA investigation",No summary available,2024-09-12 12:33:16,CNN,https://www.cnn.com/
"Fat isn’t always a bad word, but where it is stored matters. Here’s what makes a difference",No summary available,2024-09-12 12:33:16,CNN,https://www.cnn.com/
These common chemicals could affect your health all over your body,No summary available,2024-09-12 12:33:16,CNN,https://www.cnn.com/
The hidden danger of energy drinks. A doctor explains,No summary available,2024-09-12 12:33:16,CNN,https://www.cnn.com/
Hundreds of workers strike at major Samsung factory in India,No summary available,2024-09-12 12:33:16,CNN,https://www.cnn.com/
The two words Apple never mentioned at its iPhone 16 event,No summary available,2024-09-12 12:33:16,CNN,https://www.cnn.com/
Australia plans a minimum age limit for social media use,No summary available,2024-09-12 12:33:16,CNN,https://www.cnn.com/
42 state attorneys general demand a Surgeon General warning label for social media apps,No summary available,2024-09-12 12:33:16,CNN,https://www.cnn.com/
"Beyoncé stayed in $100,000 per night suite in the Middle East’s ‘best hotel’",No summary available,2024-09-12 12:33:16,CNN,https://www.cnn.com/
Inside Michael Jordan’s slice of paradise,No summary available,2024-09-12 12:33:16,CNN,https://www.cnn.com/
World’s biggest twin-engine private jet gets a luxury cabin concept,No summary available,2024-09-12 12:33:16,CNN,https://www.cnn.com/
This house is built on some of the most expensive property in Africa. Take a look inside,No summary available,2024-09-12 12:33:16,CNN,https://www.cnn.com/
Why modern ships are looking to wind power,No summary available,2024-09-12 12:33:16,CNN,https://www.cnn.com/
How the ‘Arabian unicorn’ came back from the brink,No summary available,2024-09-12 12:33:16,CNN,https://www.cnn.com/
Meet the artist transforming tennis balls into furniture,No summary available,2024-09-12 12:33:16,CNN,https://www.cnn.com/
"From convict to combatant, Ukraine enlists prisoners to fight Russian forces",No summary available,2024-09-12 12:33:16,CNN,https://www.cnn.com/
Protesters clash with police at Australia defense show,No summary available,2024-09-12 12:33:16,CNN,https://www.cnn.com/
European travelers will have to pay to enter the UK in 2025,No summary available,2024-09-12 12:33:16,CNN,https://www.cnn.com/
Inside Kamala Harris’ yearslong crash course in foreign diplomacy,No summary available,2024-09-12 12:33:16,CNN,https://www.cnn.com/
Controversial judicial reform passes Mexican Senate after protesters break into chamber,No summary available,2024-09-12 12:33:16,CNN,https://www.cnn.com/
NASA sets sights on another ‘world that might be habitable today’,No summary available,2024-09-12 12:33:16,CNN,https://www.cnn.com/
Israeli official floats safe passage for Oct. 7 architect Yahya Sinwar in return for hostages,No summary available,2024-09-12 12:33:16,CNN,https://www.cnn.com/
The Small City with Big Ambitions,No summary available,2024-09-12 12:33:16,CNN,https://www.cnn.com/
"2 Delta planes collide while taxiing at Atlanta airport, knocking tail section from one",No summary available,2024-09-12 12:33:16,CNN,https://www.cnn.com/
No title,"At least 18 people were reportedly killed in the strike, which Israel says targeted Hamas fighters.",No date,BBC,https://www.bbc.com/news/articles/clyn400rm68o
Why improving your nutrition will help you think better,Emily Nkhana shares tips with the BBC on how to make banana wine. ,No date,BBC,https://www.bbc.com/news/articles/cly35nvk9n7o
No title,"New chief executive tells staff that a strike would put the embattled firm's ""recovery in jeopardy"".",No date,BBC,https://www.bbc.com/news/articles/cn0202k95gyo
No title,"Sorry, we're unable to bring you the page you're looking for.
                                    Please try:
                                ",No date,BBC,https://www.bbc.comhttps://www.bbc.co.uk/news
No title,"People have ""every right to be angry"", Sir Keir Starmer to say, as review criticises state of the health service in England.",No date,BBC,https://www.bbc.com/news/politics
No title,"Sorry, we're unable to bring you the page you're looking for.
                                    Please try:
                                ",No date,BBC,https://www.bbc.comhttps://www.bbc.co.uk/news
No title,"Sorry, we're unable to bring you the page you're looking for.
                                    Please try:
                                ",No date,BBC,https://www.bbc.comhttps://www.bbc.co.uk/news
9/11 Truther Questions Why There Were Two Huge Bullseyes Painted On Side Of Twin Towers,,No date,The Onion,https://www.theonion.comhttps://theonion.com/9-11-truther-questions-why-there-were-two-huge-bullseyes-painted-on-side-of-twin-towers/
"‘I Can’t See It,’ Reports Child At Every Zoo Exhibit",No summary,No date,The Onion,https://www.theonion.comhttps://theonion.com/i-cant-see-it-reports-child-at-every-zoo-exhibit/
Trump Avoids Answering Hard Questions By Pretending He Shot In Ear Again,No summary,No date,The Onion,https://www.theonion.comhttps://theonion.com/trump-avoids-answering-hard-questions-by-pretending-he-shot-in-ear-again/
Dems Alarmed By Joe Biden’s Poor Performance As Debate Viewer,No summary,No date,The Onion,https://www.theonion.comhttps://theonion.com/dems-alarmed-by-joe-bidens-poor-performance-as-debate-viewer/
Trump Tries To Rattle Harris By Turning Eyelids Inside Out,No summary,No date,The Onion,https://www.theonion.comhttps://theonion.com/trump-tries-to-rattle-harris-by-turning-eyelids-inside-out/
Baby Boomers Leave Entire $78.55 Trillion Fortune To Single Spoiled Pomeranian,No summary,No date,The Onion,https://www.theonion.comhttps://theonion.com/baby-boomers-leave-entire-78-55-trillion-fortune-to-single-spoiled-pomeranian/
Baby Boomers Leave Entire $78.55 Trillion Fortune To Single Spoiled Pomeranian,No summary,No date,The Onion,https://www.theonion.comhttps://theonion.com/baby-boomers-leave-entire-78-55-trillion-fortune-to-single-spoiled-pomeranian/
9/11 Truther Questions Why There Were Two Huge Bullseyes Painted On Side Of Twin Towers,No summary,No date,The Onion,https://www.theonion.comhttps://theonion.com/9-11-truther-questions-why-there-were-two-huge-bullseyes-painted-on-side-of-twin-towers/
Sweetgreen Expands Line Of Kids’ Meals For Adult Women With Eating Disorders,No summary,No date,The Onion,https://www.theonion.comhttps://theonion.com/sweetgreen-expands-line-of-kids-meals-for-adult-women-with-eating-disorders/
Baby Boomers Leave Entire $78.55 Trillion Fortune To Single Spoiled Pomeranian,No summary,No date,The Onion,https://www.theonion.comhttps://theonion.com/baby-boomers-leave-entire-78-55-trillion-fortune-to-single-spoiled-pomeranian/
"Today’s Historic Front Page: September 10, 2024",No summary,No date,The Onion,https://www.theonion.comhttps://theonion.com/todays-historic-front-page-september-10-2024/
"‘I Can’t See It,’ Reports Child At Every Zoo Exhibit",No summary,No date,The Onion,https://www.theonion.comhttps://theonion.com/i-cant-see-it-reports-child-at-every-zoo-exhibit/
Husband Files For Divorce After DNA Test Reveals Child Only Shares Half His Genes,No summary,No date,The Onion,https://www.theonion.comhttps://theonion.com/husband-files-for-divorce-after-dna-test-reveals-child-only-shares-half-his-genes/
Man Gets Triple Bypass Reversed After Deciding He Wants Third Heart Attack,No summary,No date,The Onion,https://www.theonion.comhttps://theonion.com/man-gets-triple-bypass-reversed-after-deciding-he-wants-third-heart-attack/
Man Can’t Believe What A Dumbass Cartoon Character Is,No summary,No date,The Onion,https://www.theonion.comhttps://theonion.com/man-cant-believe-what-a-dumbass-cartoon-character-is/
Dems Alarmed By Joe Biden’s Poor Performance As Debate Viewer,No summary,No date,The Onion,https://www.theonion.comhttps://theonion.com/politics/
Trump Tries To Rattle Harris By Turning Eyelids Inside Out,No summary,No date,The Onion,https://www.theonion.comhttps://theonion.com/politics/
Trump Spends Entire Debate Trying To Pluck Strand Of Harris’ Hair For DNA Test,No summary,No date,The Onion,https://www.theonion.comhttps://theonion.com/trump-spends-entire-debate-trying-to-pluck-strand-of-harris-hair-for-dna-test/
Horrified Taylor Swift Realizes Football Happens Every Year,No summary,No date,The Onion,https://www.theonion.comhttps://theonion.com/horrified-taylor-swift-realizes-football-happens-every-year/
Joey Chestnut Eats Entire Cast Of ‘Stranger Things’ In Under 10 Minutes,No summary,No date,The Onion,https://www.theonion.comhttps://theonion.com/joey-chestnut-eats-entire-cast-of-stranger-things-in-under-10-minutes/
Artist Profile: Sabrina Carpenter,No summary,No date,The Onion,https://www.theonion.comhttps://theonion.com/artist-profile-sabrina-carpenter/
Health Experts Recommend Doing Exact Opposite Of Whatever Simon Cowell Doing To His Body,No summary,No date,The Onion,https://www.theonion.comhttps://theonion.com/health-experts-recommend-doing-exact-opposite-of-whatever-simon-cowell-doing-to-his-body/
"‘I Can’t See It,’ Reports Child At Every Zoo Exhibit",No summary,No date,The Onion,https://www.theonion.comhttps://theonion.com/i-cant-see-it-reports-child-at-every-zoo-exhibit/
Trump Avoids Answering Hard Questions By Pretending He Shot In Ear Again,No summary,No date,The Onion,https://www.theonion.comhttps://theonion.com/trump-avoids-answering-hard-questions-by-pretending-he-shot-in-ear-again/
Dems Alarmed By Joe Biden’s Poor Performance As Debate Viewer,No summary,No date,The Onion,https://www.theonion.comhttps://theonion.com/dems-alarmed-by-joe-bidens-poor-performance-as-debate-viewer/
Trump Tries To Rattle Harris By Turning Eyelids Inside Out,No summary,No date,The Onion,https://www.theonion.comhttps://theonion.com/trump-tries-to-rattle-harris-by-turning-eyelids-inside-out/
U.N. Chief Calls Gaza Death Toll Worst He’s Seen,No summary,No date,The Onion,https://www.theonion.comhttps://theonion.com/opinion/american-voices/
9/11 Truther Questions Why There Were Two Huge Bullseyes Painted On Side Of Twin Towers,No summary,No date,The Onion,https://www.theonion.comhttps://theonion.com/9-11-truther-questions-why-there-were-two-huge-bullseyes-painted-on-side-of-twin-towers/
Sweetgreen Expands Line Of Kids’ Meals For Adult Women With Eating Disorders,No summary,No date,The Onion,https://www.theonion.comhttps://theonion.com/sweetgreen-expands-line-of-kids-meals-for-adult-women-with-eating-disorders/
Baby Boomers Leave Entire $78.55 Trillion Fortune To Single Spoiled Pomeranian,No summary,No date,The Onion,https://www.theonion.comhttps://theonion.com/baby-boomers-leave-entire-78-55-trillion-fortune-to-single-spoiled-pomeranian/
"Today’s Historic Front Page: September 10, 2024",No summary,No date,The Onion,https://www.theonion.comhttps://theonion.com/todays-historic-front-page-september-10-2024/
Pros And Cons Of Reparations,No summary,No date,The Onion,https://www.theonion.comhttps://theonion.com/pros-and-cons-of-reparations/
Jimmy Carter Awakens To Learn He Outlived Every Single Person In America,‘Hello? Hello?’ Asks Carter Stumbling Through Empty Nation,No date,The Onion,https://www.theonion.comhttps://theonion.com/jimmy-carter-awakens-to-learn-he-outlived-every-single-person-in-america/
Tips For Growing Your TikTok Following,No summary,No date,The Onion,https://www.theonion.comhttps://theonion.com/tips-for-growing-your-tiktok-following/
New Antigravity Hover Shoes Protect Dogs’ Paws From Anything Within 6 Inches Of Ground,No summary,No date,The Onion,https://www.theonion.comhttps://theonion.com/new-antigravity-hover-shoes-protect-dogs-paws-from-anything-within-6-inches-of-ground/
Raygun’s Apology To Breakdancing Community Sparks Outrage From Apology Community,No summary,No date,The Onion,https://www.theonion.comhttps://theonion.com/rayguns-apology-to-breakdancing-community-sparks-outrage-from-apology-community/
What To Know About MDMA Therapy,No summary,No date,The Onion,https://www.theonion.comhttps://theonion.com/what-to-know-about-mdma-therapy/
"‘No Way To Prevent This,’ Says Only Nation Where This Regularly Happens",No summary,No date,The Onion,https://www.theonion.comhttps://theonion.com/no-way-to-prevent-this-says-only-nation-where-this-regularly-happens/
Cautious Study Finds Whatever Everyone Else Found,No summary,No date,The Onion,https://www.theonion.comhttps://theonion.com/cautious-study-finds-whatever-everyone-else-found/
Controversial Ad Reveals Mr. Clean Only Dates Black Women,No summary,No date,The Onion,https://www.theonion.comhttps://theonion.com/controversial-ad-reveals-mr-clean-only-dates-black-women/
How Universities Are Cracking Down On Palestine Protests,No summary,No date,The Onion,https://www.theonion.comhttps://theonion.com/how-universities-are-cracking-down-on-palestine-protests/
Cat Scientists Theorize About Third Type Of Food That Neither Wet Nor Dry,No summary,No date,The Onion,https://www.theonion.comhttps://theonion.com/cat-scientists-theorize-about-third-type-of-food-that-neither-wet-nor-dry/
Everyone In Restaurant Jealous Of Toddler Who Gets To Wear Pajamas And Watch iPad,No summary,No date,The Onion,https://www.theonion.comhttps://theonion.com/everyone-in-restaurant-jealous-of-toddler-who-gets-to-wear-pajamas-and-watch-ipad/
Francis Scott Key Estate Sends Cease-And-Desist To Trump For Playing ‘Star-Spangled Banner’ At Rally,No summary,No date,The Onion,https://www.theonion.comhttps://theonion.com/francis-scott-key-estate-sends-cease-and-desist-to-trump-for-playing-star-spangled-banner-at-rally/
Satire Mag Burned For Muhammad Cartoon,Share,No date,The Onion,https://www.theonion.comhttps://theonion.com/opinion/american-voices/
The Onion Film Standard: Deadpool & Wolverine,Entertainment,No date,The Onion,https://www.theonion.com/entertainment
Man Can’t Believe How Much Disney World Charging For Sex With Goofy,No summary,No date,The Onion,https://www.theonion.comhttps://youtu.be/uP1dSHigC-Q?si=dqtYmjNeciPigd1u
Hobby Lobby Announces It Muslim Now,No summary,No date,The Onion,https://www.theonion.comhttps://www.youtube.com/watch?v=tF6ieC_XkG0
Women Explain How They’d Like To Have Their Bodies Restricted Next,No summary,No date,The Onion,https://www.theonion.comhttps://www.youtube.com/watch?v=6FPpwIzEaiM
Study Finds Repeatedly Patting Thighs Still Remains Best Way To Get Sat On,No summary,No date,The Onion,https://www.theonion.comhttps://youtube.com/shorts/WI1GdV1ERgY?si=bEEUA0K3t0dYHIRX
Democrats Panic After Kamala Harris Ages 40 Years In Single Night,No summary,No date,The Onion,https://www.theonion.comhttps://www.youtube.com/shorts/pw-4rVPTHfM
Dr. Scholl’s Recalls All Products After Announcing Only Way To Fix Flat Feet Is With Eugenics,No summary,No date,The Onion,https://www.theonion.comhttps://youtube.com/shorts/1neka9_Yuik?si=B5GRXITGGwL_yzGW
Female Competitive Drowner Explains Why Trans Athletes Should Not Compete In Competitive Drowning,No summary,No date,The Onion,https://www.theonion.comhttps://youtube.com/shorts/WI1GdV1ERgY?si=bEEUA0K3t0dYHIRX
Study Finds Exercise May Help Alzheimer’s Patients Look Hot,No summary,No date,The Onion,https://www.theonion.comhttps://youtube.com/shorts/aTD6rqeTagE?si=PRZBoHaAfN_Eqdew
Idiot Tornado Tears Harmlessly Through Empty Field,No summary,No date,The Onion,https://www.theonion.comhttps://youtube.com/shorts/lEb0cpS_ZM0?si=8lj6wy-Eh9tuyQLt
Facebook Announces Human Trafficking Now Allowed On Marketplace,No summary,No date,The Onion,https://www.theonion.comhttps://youtube.com/shorts/uZil5_FwS1Y?si=whSDfctbWg1gHbLr
Facebook Announces Human Trafficking Now Allowed On Marketplace,No summary,No date,The Onion,https://www.theonion.comhttps://youtube.com/shorts/niTXUt727fk?si=bloynwcOGeHpNoRz
Investigation Finds Secret Service Failed To Account For Nation’s 393 Million Guns,No summary,No date,The Onion,https://www.theonion.comhttps://youtube.com/shorts/niTXUt727fk?si=bloynwcOGeHpNoRz
Congress Bans Roofs,No summary,No date,The Onion,https://www.theonion.comhttps://youtube.com/shorts/GGza0XCntNc?si=j8r0HLII8l0r9UJj
Eli Lilly Unveils Insulin That Doesn’t Work On Poor People,No summary,No date,The Onion,https://www.theonion.comhttps://youtube.com/shorts/tYpqv-1eHR0?si=0G7t4SdDQ5M6fRL9
Tom Brady Provides Detailed Analysis Of How Easy It Would Be For Him To Take Dak Prescott’s Job,No summary,No date,The Onion,https://www.theonion.comhttps://theonion.com/tom-brady-provides-detailed-analysis-of-how-easy-it-would-be-for-him-to-take-dak-prescotts-job/
Bengals Coaching Staff Holding Breath After Joe Burrow Endures Rough High-Five,No summary,No date,The Onion,https://www.theonion.comhttps://theonion.com/bengals-coaching-staff-holding-breath-after-joe-burrow-endures-rough-high-five/
Stephen Nedoroscik Under Fire After Video Shows Him Whipping Pommel Horse,No summary,No date,The Onion,https://www.theonion.comhttps://theonion.com/stephen-nedoroscik-under-fire-after-video-shows-him-whi-1851616068rev1723128732701/
"Physical Therapy Office Politely Declines Daniel Jones’ Offer Of Framed, Signed Jersey For Wall",No summary,No date,The Onion,https://www.theonion.comhttps://theonion.com/physical-therapy-office-politely-declines-daniel-jones-1851605177/
MLB Loses Millions of Stats In Warehouse Fire,No summary,No date,The Onion,https://www.theonion.comhttps://theonion.com/mlb-loses-millions-of-stats-in-warehouse-fire-1851601587/
MLB Reminds White Sox That Games Televised,No summary,No date,The Onion,https://www.theonion.comhttps://theonion.com/mlb-reminds-white-sox-that-games-televised-1851590284/
Caitlin Clark Supplements Rookie Salary By Taking Adjunct Professor Of Basketball Job,No summary,No date,The Onion,https://www.theonion.comhttps://theonion.com/caitlin-clark-supplements-rookie-salary-by-taking-adjun-1851573146/
"Wimbledon Trying To Excite Us, But The Ball Still Just Goes Back And Forth All Day",No summary,No date,The Onion,https://www.theonion.comhttps://theonion.com/wimbledon-trying-to-excite-us-but-the-ball-still-just-1851583183/
Wimbledon Enters Third Round Of Centuples Tournament,No summary,No date,The Onion,https://www.theonion.comhttps://theonion.com/wimbledon-enters-third-round-of-centuples-tournament-1851582237/
Caitlin Clark Brushes Off 23 Stab Wounds From Own Teammates,No summary,No date,The Onion,https://www.theonion.comhttps://theonion.com/caitlin-clark-brushes-off-23-stab-wounds-from-own-teamm-1851566816/
Rafael Nadal Withdraws From Wimbledon To Spend More Time Pressing Tennis Racket Against Face To Make Waffle Marks,No summary,No date,The Onion,https://www.theonion.comhttps://theonion.com/rafael-nadal-withdraws-from-wimbledon-to-spend-more-tim-1851557229/
Relaxed Orioles Security Will Get Around To Removing Fan From Field In Another Inning Or So,No summary,No date,The Onion,https://www.theonion.comhttps://theonion.com/relaxed-orioles-security-will-get-around-to-removing-fa-1851552393/
The Onion’s Exclusive Interview With Caitlin Clark,No summary,No date,The Onion,https://www.theonion.comhttps://theonion.com/the-onion-s-exclusive-interview-with-caitlin-clark-1851529041/
Apologetic Pat McAfee Makes Donation To Charity That Helps White Bitches,No summary,No date,The Onion,https://www.theonion.comhttps://theonion.com/apologetic-pat-mcafee-makes-donation-to-charity-that-he-1851519002/
Aaron Rodgers Rants To Pat McAfee About Windows 11 Tips And Tricks After Going Down Wrong YouTube Rabbit Hole,No summary,No date,The Onion,https://www.theonion.comhttps://theonion.com/aaron-rodgers-rants-to-pat-mcafee-about-windows-11-tips-1851500245/
"Man Starstruck To See Caitlin Clark, Indiana Fever At Greyhound Bus Station",No summary,No date,The Onion,https://www.theonion.comhttps://theonion.com/man-starstruck-to-see-caitlin-clark-indiana-fever-at-g-1851482539/
Female Athletes React To Nike’s Revealing Olympic Uniforms,No summary,No date,The Onion,https://www.theonion.comhttps://theonion.com/female-athletes-react-to-nike-s-revealing-olympic-unifo-1851423263/
Horrified Taylor Swift Realizes Football Happens Every Year,No summary,No date,The Onion,https://www.theonion.comhttps://theonion.com/horrified-taylor-swift-realizes-football-happens-every-year/
Joey Chestnut Eats Entire Cast Of ‘Stranger Things’ In Under 10 Minutes,No summary,No date,The Onion,https://www.theonion.comhttps://theonion.com/joey-chestnut-eats-entire-cast-of-stranger-things-in-under-10-minutes/
The Onion Reviews ‘The Fast And The Furious’,No summary,No date,The Onion,https://www.theonion.comhttps://theonion.com/the-onion-reviews-the-fast-and-the-furious/
"Chappell Roan: We Hid In The Alley Behind Her Hotel, Knocked Out A Concierge On His Smoke Break, Stole His Uniform, Used It To Sneak Into The Kitchen, And Hid Inside Her Room Service Trolley, And She Was A Complete, Ungrateful Bitch About It",No summary,No date,The Onion,https://www.theonion.comhttps://theonion.com/chappell-roan-we-hid-in-the-alley-behind-her-hotel-knocked-out-a-concierge-on-his-smoke-break-stole-his-uniform-used-it-to-sneak-into-the-kitchen-and-hid-inside-her-room-service-trolley-and-she/
Artist Profile: Sabrina Carpenter,No summary,No date,The Onion,https://www.theonion.comhttps://theonion.com/artist-profile-sabrina-carpenter/
"Chappell Roan: We Hid In The Alley Behind Her Hotel, Knocked Out A Concierge On His Smoke Break, Stole His Uniform, Used It To Sneak Into The Kitchen, And Hid Inside Her Room Service Trolley, And She Was A Complete, Ungrateful Bitch About It",No summary,No date,The Onion,https://www.theonion.comhttps://theonion.com/chappell-roan-we-hid-in-the-alley-behind-her-hotel-knocked-out-a-concierge-on-his-smoke-break-stole-his-uniform-used-it-to-sneak-into-the-kitchen-and-hid-inside-her-room-service-trolley-and-she/
Acts Of Profound And Unspeakable Evil Get A Bad Rap: Do They Really Deserve It?,No summary,No date,The Onion,https://www.theonion.comhttps://theonion.com/acts-of-profound-and-unspeakable-evil-get-a-bad-rap-do-1851587488/
The Rise Of The Ethereal Specter Dad: Why More Fathers Are Choosing To Pass On And Watch Over Their Families From A Higher Astral Plane,No summary,No date,The Onion,https://www.theonion.comhttps://theonion.com/the-rise-of-the-ethereal-specter-dad-why-more-fathers-1851550566/
Why Gen Z Is Obsessed With This Enchanting Woodwind Tune That Lures Them Into The Woods In The Dark Of Night,No summary,No date,The Onion,https://www.theonion.comhttps://theonion.com/why-gen-z-is-obsessed-with-this-enchanting-woodwind-tun-1851293694/
He’s No Brad Pitt: Brad Pitt At 60,No summary,No date,The Onion,https://www.theonion.comhttps://theonion.com/he-s-no-brad-pitt-brad-pitt-at-60-1851274548/
Could The Couch Kill The Chair Industry?,No summary,No date,The Onion,https://www.theonion.comhttps://theonion.com/could-the-couch-kill-the-chair-industry-1851235108/
A Car Unlike Any You’ve Seen Before,No summary,No date,The Onion,https://www.theonion.comhttps://theonion.com/a-car-unlike-any-you-ve-seen-before-1851174099/
"The Text Positivity Issue: Words Of All Sizes And Fonts, Completely Unedited",No summary,No date,The Onion,https://www.theonion.comhttps://theonion.com/the-text-positivity-issue-words-of-all-sizes-and-fonts-1851156073/
Health Experts Recommend Doing Exact Opposite Of Whatever Simon Cowell Doing To His Body,No summary,No date,The Onion,https://www.theonion.comhttps://theonion.com/health-experts-recommend-doing-exact-opposite-of-whatever-simon-cowell-doing-to-his-body/
Glen Powell Opens Up About Dangerous Stunt Work Filming With Sydney Sweeney’s Breasts,No summary,No date,The Onion,https://www.theonion.comhttps://theonion.com/glen-powell-opens-up-about-dangerous-stunt-work-filming-with-sydney-sweeneys-breasts/
HGTV Not Fucking Around With Show Called ‘Straight White Gentrifiers’,No summary,No date,The Onion,https://www.theonion.comhttps://theonion.com/hgtv-not-fucking-around-with-show-called-straight-white-gentrifiers/
The Onion’s Exclusive Interview With Blake Lively And Ryan Reynolds,No summary,No date,The Onion,https://www.theonion.comhttps://theonion.com/the-onion-s-exclusive-interview-with-blake-lively-and-r-1851615998rev1723128943516/
R. Kelly Petitions Supreme Court To Watch Him Pee,No summary,No date,The Onion,https://www.theonion.comhttps://theonion.com/r-kelly-petitions-supreme-court-to-watch-him-pee-1851619802rev1723482404693/
Artist Profile: Charli XCX,No summary,No date,The Onion,https://www.theonion.comhttps://theonion.com/artist-profile-charli-xcx-1851612287/
"Steven Spielberg Apologizes For Removing Kiss Between E.T., Elliott",No summary,No date,The Onion,https://www.theonion.comhttps://theonion.com/steven-spielberg-apologizes-for-removing-kiss-between-e-1851605769/
New Season Of ‘Naked And Afraid’ Shot Within Last 3-Square-Foot Patch Of Nature,No summary,No date,The Onion,https://www.theonion.comhttps://theonion.com/new-season-of-naked-and-afraid-shot-within-last-3-squ-1851601261/
Message Hidden Backward In Black Sabbath Album Wishes Everyone A Good Time Listening To Rock And Roll,No summary,No date,The Onion,https://www.theonion.comhttps://theonion.com/message-hidden-backward-in-black-sabbath-album-wishes-e-1851602028/
Report: 78% Of Americans Too Distracted By Politics To Appreciate The Summer Glen Powell Is Having,No summary,No date,The Onion,https://www.theonion.comhttps://theonion.com/report-78-of-americans-too-distracted-by-politics-to-1851601554/
Artist Profile: Chappell Roan,No summary,No date,The Onion,https://www.theonion.comhttps://theonion.com/artist-profile-chappell-roan-1851600363/
Acts Of Profound And Unspeakable Evil Get A Bad Rap: Do They Really Deserve It?,No summary,No date,The Onion,https://www.theonion.comhttps://theonion.com/acts-of-profound-and-unspeakable-evil-get-a-bad-rap-do-1851587488/
